{
    "folders": [
        {
            "path": "Assets/Scripts",
            "color": {
                "r": 0.49000000953674319,
                "g": 0.8399999737739563,
                "b": 0.5299999713897705,
                "a": 1.0
            },
            "markerIndex": 6
        },
        {
            "path": "Assets/Scenes",
            "color": {
                "r": 0.9100000262260437,
                "g": 0.27000001072883608,
                "b": 0.27000001072883608,
                "a": 1.0
            },
            "markerIndex": 0
        },
        {
            "path": "Assets/JoG",
            "color": {
                "r": 0.49000000953674319,
                "g": 0.8399999737739563,
                "b": 0.5299999713897705,
                "a": 1.0
            },
            "markerIndex": 6
        }
    ]
}