{
    "folders": [
        {
            "path": "Assets/Scenes",
            "color": {
                "r": 0.5799999833106995,
                "g": 0.550000011920929,
                "b": 0.9700000286102295,
                "a": 1.0
            },
            "markerIndex": 0
        }
    ]
}