{
    "folders": [
        {
            "path": "Assets/Scenes",
            "color": {
                "r": 0.5799999833106995,
                "g": 0.550000011920929,
                "b": 0.9700000286102295,
                "a": 1.0
            },
            "markerIndex": 0
        },
        {
            "path": "Assets/Scripts",
            "color": {
                "r": 0.49000000953674319,
                "g": 0.8399999737739563,
                "b": 0.5299999713897705,
                "a": 1.0
            },
            "markerIndex": 0
        },
        {
            "path": "Assets/JoG",
            "color": {
                "r": 0.49000000953674319,
                "g": 0.8399999737739563,
                "b": 0.5299999713897705,
                "a": 1.0
            },
            "markerIndex": 0
        },
        {
            "path": "Assets/Tank & Healer Studio",
            "color": {
                "r": 0.9100000262260437,
                "g": 0.4699999988079071,
                "b": 0.7599999904632568,
                "a": 1.0
            },
            "markerIndex": 0
        }
    ]
}